[
  {
    "id": "4cb685d6-33c9-4b60-968f-4933b41cae7b",
    "data": [
      {
        "text": "future scope",
        "alias": "AppointmentType",
        "meta": "@AppointmentType",
        "userDefined": true
      },
      {
        "text": " meeting ",
        "userDefined": false
      },
      {
        "text": "on 10th November 2019",
        "alias": "date",
        "meta": "@sys.date",
        "userDefined": false
      },
      {
        "text": " ",
        "userDefined": false
      },
      {
        "text": "5pm",
        "alias": "time",
        "meta": "@sys.time",
        "userDefined": false
      }
    ],
    "isTemplate": false,
    "count": 0,
    "updated": 0
  },
  {
    "id": "4e42f480-5059-4c91-8944-46012349a17c",
    "data": [
      {
        "text": "meeting ",
        "userDefined": false
      },
      {
        "text": "on 21st October",
        "alias": "date",
        "meta": "@sys.date",
        "userDefined": false
      },
      {
        "text": " ",
        "userDefined": false
      },
      {
        "text": "at 9:30am",
        "alias": "time",
        "meta": "@sys.time",
        "userDefined": false
      }
    ],
    "isTemplate": false,
    "count": 0,
    "updated": 0
  },
  {
    "id": "5ed25d6c-f8ac-48c4-ad86-337b372ecd43",
    "data": [
      {
        "text": "schedule a meeting for ",
        "userDefined": false
      },
      {
        "text": "new ideas for project",
        "alias": "AppointmentType",
        "meta": "@AppointmentType",
        "userDefined": true
      }
    ],
    "isTemplate": false,
    "count": 0,
    "updated": 0
  },
  {
    "id": "c4a8720d-4d1c-45cb-84b2-d399eb930cc5",
    "data": [
      {
        "text": "review",
        "alias": "AppointmentType",
        "meta": "@AppointmentType",
        "userDefined": false
      },
      {
        "text": " meet ",
        "userDefined": false
      },
      {
        "text": "today",
        "alias": "date",
        "meta": "@sys.date",
        "userDefined": false
      }
    ],
    "isTemplate": false,
    "count": 0,
    "updated": 0
  },
  {
    "id": "d1f7c0cd-9371-4a59-983e-d5a6ebe0c15e",
    "data": [
      {
        "text": "meeting ",
        "userDefined": false
      },
      {
        "text": "today",
        "alias": "date",
        "meta": "@sys.date",
        "userDefined": false
      },
      {
        "text": " ",
        "userDefined": false
      },
      {
        "text": "at 7pm",
        "alias": "time",
        "meta": "@sys.time",
        "userDefined": false
      }
    ],
    "isTemplate": false,
    "count": 0,
    "updated": 0
  },
  {
    "id": "2ee72577-c8f6-4768-aab5-9d0aa4a09657",
    "data": [
      {
        "text": "development",
        "alias": "AppointmentType",
        "meta": "@AppointmentType",
        "userDefined": false
      },
      {
        "text": " meeting",
        "userDefined": false
      }
    ],
    "isTemplate": false,
    "count": 0,
    "updated": 0
  },
  {
    "id": "87e463f6-e98d-4d36-9671-a4048d521dbf",
    "data": [
      {
        "text": "please schedule a meeting ",
        "userDefined": false
      },
      {
        "text": "on wednesday",
        "alias": "date",
        "meta": "@sys.date",
        "userDefined": false
      },
      {
        "text": " ",
        "userDefined": false
      },
      {
        "text": "12:30pm",
        "alias": "time",
        "meta": "@sys.time",
        "userDefined": false
      },
      {
        "text": " for ",
        "userDefined": false
      },
      {
        "text": "model reviews",
        "alias": "AppointmentType",
        "meta": "@AppointmentType",
        "userDefined": true
      }
    ],
    "isTemplate": false,
    "count": 0,
    "updated": 0
  },
  {
    "id": "7c4f7af9-e76a-4232-89b2-56081e97d78f",
    "data": [
      {
        "text": "meeting for ",
        "userDefined": false
      },
      {
        "text": "intern orientation",
        "alias": "AppointmentType",
        "meta": "@AppointmentType",
        "userDefined": true
      },
      {
        "text": " ",
        "userDefined": false
      },
      {
        "text": "on monday",
        "alias": "date",
        "meta": "@sys.date",
        "userDefined": false
      },
      {
        "text": " ",
        "userDefined": false
      },
      {
        "text": "3pm",
        "alias": "time",
        "meta": "@sys.time",
        "userDefined": false
      }
    ],
    "isTemplate": false,
    "count": 0,
    "updated": 0
  },
  {
    "id": "79db14e5-1579-4266-9616-47318e75518a",
    "data": [
      {
        "text": "planning meet ",
        "userDefined": false
      },
      {
        "text": "on saturday",
        "alias": "date",
        "meta": "@sys.date",
        "userDefined": false
      },
      {
        "text": " ",
        "userDefined": false
      },
      {
        "text": "8am",
        "alias": "time",
        "meta": "@sys.time",
        "userDefined": false
      }
    ],
    "isTemplate": false,
    "count": 0,
    "updated": 0
  },
  {
    "id": "6978af34-1897-4fd8-ae06-e00e2fa89068",
    "data": [
      {
        "text": "meeting with agenda ",
        "userDefined": false
      },
      {
        "text": "scrum",
        "alias": "AppointmentType",
        "meta": "@AppointmentType",
        "userDefined": true
      },
      {
        "text": " for ",
        "userDefined": false
      },
      {
        "text": "tomorrow",
        "alias": "date",
        "meta": "@sys.date",
        "userDefined": false
      },
      {
        "text": " ",
        "userDefined": false
      },
      {
        "text": "10am",
        "alias": "time",
        "meta": "@sys.time",
        "userDefined": false
      }
    ],
    "isTemplate": false,
    "count": 0,
    "updated": 0
  },
  {
    "id": "18054561-7f0b-4026-a243-fddb75bb4fa1",
    "data": [
      {
        "text": "please create a meeting for ",
        "userDefined": false
      },
      {
        "text": "sunday",
        "alias": "date",
        "meta": "@sys.date",
        "userDefined": false
      },
      {
        "text": " ",
        "userDefined": false
      },
      {
        "text": "2:30pm",
        "alias": "time",
        "meta": "@sys.time",
        "userDefined": false
      }
    ],
    "isTemplate": false,
    "count": 0,
    "updated": 0
  },
  {
    "id": "3bb29f78-4b40-478c-97b1-35c57f548cde",
    "data": [
      {
        "text": "meeting ",
        "userDefined": false
      },
      {
        "text": "at noon",
        "alias": "time",
        "meta": "@sys.time",
        "userDefined": false
      },
      {
        "text": " ",
        "userDefined": false
      },
      {
        "text": "on Thursday",
        "alias": "date",
        "meta": "@sys.date",
        "userDefined": false
      }
    ],
    "isTemplate": false,
    "count": 0,
    "updated": 0
  },
  {
    "id": "439256df-dd76-4330-a8f8-497ba43805b7",
    "data": [
      {
        "text": "create meeting for ",
        "userDefined": false
      },
      {
        "text": "Monday",
        "alias": "date",
        "meta": "@sys.date",
        "userDefined": false
      },
      {
        "text": " ",
        "userDefined": false
      },
      {
        "text": "12pm",
        "alias": "time",
        "meta": "@sys.time",
        "userDefined": false
      }
    ],
    "isTemplate": false,
    "count": 0,
    "updated": 0
  },
  {
    "id": "9184d954-13c6-4d36-a5e2-4bd27fecc341",
    "data": [
      {
        "text": "schedule a meeting for ",
        "userDefined": false
      },
      {
        "text": "tomorrow",
        "alias": "date",
        "meta": "@sys.date",
        "userDefined": false
      },
      {
        "text": " ",
        "userDefined": false
      },
      {
        "text": "at 3pm",
        "alias": "time",
        "meta": "@sys.time",
        "userDefined": false
      }
    ],
    "isTemplate": false,
    "count": 0,
    "updated": 0
  }
]