[
  {
    "id": "50313d89-d0f8-4b6d-a8d3-d4561baa11a4",
    "data": [
      {
        "text": "features",
        "userDefined": false
      }
    ],
    "isTemplate": false,
    "count": 0,
    "updated": 0
  },
  {
    "id": "54ca6282-f1f1-4fc3-8f79-380bc6d63b69",
    "data": [
      {
        "text": "please tell me your features",
        "userDefined": false
      }
    ],
    "isTemplate": false,
    "count": 0,
    "updated": 0
  },
  {
    "id": "39583073-2d2a-4b3f-8d7a-07e5b3364dff",
    "data": [
      {
        "text": "help me with something",
        "userDefined": false
      }
    ],
    "isTemplate": false,
    "count": 0,
    "updated": 0
  },
  {
    "id": "1cab90a1-c516-4c01-a9b0-4513ba540259",
    "data": [
      {
        "text": "tasks",
        "userDefined": false
      }
    ],
    "isTemplate": false,
    "count": 0,
    "updated": 0
  },
  {
    "id": "067e6c2a-c29a-49f1-8678-2211f54049ce",
    "data": [
      {
        "text": "tell me what you can do",
        "userDefined": false
      }
    ],
    "isTemplate": false,
    "count": 0,
    "updated": 0
  },
  {
    "id": "e3388c59-ceb4-4c31-b1b1-6d24fd3948b0",
    "data": [
      {
        "text": "what can you do?",
        "userDefined": false
      }
    ],
    "isTemplate": false,
    "count": 0,
    "updated": 0
  }
]